ID_venta,first_name,last_name,email,gender,ip_address
1,Rodi,Alen,ralen0@multiply.com,Female,136.215.173.12
2,Hendrick,Gerrelt,hgerrelt1@rakuten.co.jp,Male,149.9.190.176
3,Barr,Nielson,bnielson2@nyu.edu,Male,100.220.55.37
4,Roselia,Maroney,rmaroney3@un.org,Agender,72.226.177.222
5,Livia,Nevin,lnevin4@seesaa.net,Female,120.127.204.118
6,Lyn,Cahn,lcahn5@godaddy.com,Female,240.191.149.157
7,Tanner,Gotcher,tgotcher6@elpais.com,Male,1.120.80.54
8,Marj,Foffano,mfoffano7@sohu.com,Female,213.116.1.115
9,Nan,Hambribe,nhambribe8@reverbnation.com,Female,56.195.96.249
10,Rupert,Upshall,rupshall9@i2i.jp,Genderqueer,85.213.83.242
11,Karie,Meeson,kmeesona@tmall.com,Female,56.88.53.130
12,Stefano,Spreckley,sspreckleyb@bravesites.com,Male,238.231.194.6
13,Harwell,Gerard,hgerardc@deliciousdays.com,Male,56.71.18.205
14,Guillemette,Measom,gmeasomd@ustream.tv,Female,174.112.19.219
15,Zeke,Hissett,zhissette@answers.com,Male,66.217.58.77
16,Catina,Gilfoy,cgilfoyf@bluehost.com,Female,42.28.115.241
17,Miguelita,Hatherleigh,mhatherleighg@4shared.com,Female,66.20.173.14
18,Clerissa,Vella,cvellah@hud.gov,Female,253.31.171.139
19,Spencer,Styles,sstylesi@hhs.gov,Male,53.128.208.241
20,Matilda,Sircomb,msircombj@berkeley.edu,Female,109.230.225.250
21,Marietta,Simnett,msimnettk@omniture.com,Female,253.224.71.157
22,Tiphanie,Mullaly,tmullalyl@people.com.cn,Female,154.110.150.10
23,Averell,Bissatt,abissattm@stanford.edu,Male,203.113.175.48
24,Nedda,Glidder,ngliddern@constantcontact.com,Female,232.132.55.166
25,Jeanna,Jephcote,jjephcoteo@redcross.org,Female,73.96.248.81
26,Constantina,Mathivon,cmathivonp@wiley.com,Female,24.95.86.251
27,Lauren,Almak,lalmakq@usnews.com,Female,196.69.213.58
28,Luciano,Doe,ldoer@umich.edu,Male,234.188.214.3
29,Wilden,Klempke,wklempkes@sciencedirect.com,Male,211.236.242.217
30,Arch,Hoggin,ahoggint@reference.com,Male,237.161.64.194
31,Garold,Ashurst,gashurstu@cnbc.com,Male,140.136.30.159
32,Garry,Overal,goveralv@ucoz.com,Non-binary,226.130.141.153
33,Boy,Kimber,bkimberw@1688.com,Male,140.226.119.36
34,Elihu,Durtnel,edurtnelx@upenn.edu,Male,214.16.180.196
35,Coop,Bunney,cbunneyy@usnews.com,Male,99.156.83.123
36,Lezley,Barwack,lbarwackz@xinhuanet.com,Genderfluid,55.168.216.57
37,Emili,Coverlyn,ecoverlyn10@xing.com,Genderqueer,169.36.78.9
38,Mirelle,Buswell,mbuswell11@mapquest.com,Agender,104.195.150.195
39,Kalvin,Syddon,ksyddon12@scientificamerican.com,Male,86.69.104.255
40,Tallie,Crowe,tcrowe13@businessinsider.com,Male,226.129.93.135
41,Polly,Codlin,pcodlin14@timesonline.co.uk,Female,12.49.141.78
42,Gerardo,Freak,gfreak15@nature.com,Male,157.216.30.178
43,Gilli,Hardbattle,ghardbattle16@comsenz.com,Female,205.124.244.254
44,Krista,Balasin,kbalasin17@gov.uk,Female,37.237.74.173
45,Dominica,Castellet,dcastellet18@elpais.com,Female,61.89.248.38
46,Vincent,McFaul,vmcfaul19@free.fr,Male,127.128.10.162
47,Stacy,Gutsell,sgutsell1a@microsoft.com,Male,24.248.72.130
48,Drud,Beefon,dbeefon1b@nsw.gov.au,Male,94.18.89.249
49,Staffard,Tomaini,stomaini1c@reference.com,Male,65.17.199.93
50,Devora,McGunley,dmcgunley1d@is.gd,Female,33.131.66.36
51,Susan,Forrington,sforrington1e@aol.com,Female,244.8.217.5
52,Zena,Teanby,zteanby1f@fda.gov,Female,21.83.224.35
53,Ellswerth,Doumer,edoumer1g@rediff.com,Male,240.161.200.227
54,Spense,Piercy,spiercy1h@rakuten.co.jp,Bigender,5.20.201.183
55,Rudiger,Quarmby,rquarmby1i@163.com,Male,236.116.3.38
56,Doralynn,Cella,dcella1j@sourceforge.net,Genderqueer,170.224.216.207
57,Trixie,Colten,tcolten1k@example.com,Female,131.233.179.190
58,Stearne,Yakubov,syakubov1l@prnewswire.com,Male,241.31.89.60
59,Drona,Everill,deverill1m@zdnet.com,Female,153.160.218.178
60,Cyrillus,Jendrusch,cjendrusch1n@pcworld.com,Male,5.14.39.18
61,Rhianon,Suttell,rsuttell1o@ucoz.ru,Female,15.25.151.225
62,Kayle,Linklater,klinklater1p@narod.ru,Female,79.149.247.26
63,Carlota,Potapczuk,cpotapczuk1q@cocolog-nifty.com,Female,192.226.181.110
64,Zoe,Polgreen,zpolgreen1r@netscape.com,Female,110.34.227.244
65,Seth,Strauss,sstrauss1s@sitemeter.com,Male,16.41.160.77
66,Sax,Cuardall,scuardall1t@about.me,Male,245.224.183.43
67,Esteban,Fawlo,efawlo1u@ustream.tv,Male,115.32.121.232
68,Ferrell,Aleksidze,faleksidze1v@people.com.cn,Male,214.222.33.61
69,Fanya,Reeks,freeks1w@live.com,Female,201.61.17.186
70,Suellen,Curuclis,scuruclis1x@amazon.com,Female,92.125.106.91
71,Willa,Ferron,wferron1y@about.com,Female,230.147.63.231
72,Godfrey,Kornacki,gkornacki1z@foxnews.com,Male,55.27.231.4
73,Doll,Ratnege,dratnege20@360.cn,Female,13.237.6.126
74,Robena,Glanvill,rglanvill21@qq.com,Female,122.16.84.247
75,Terri,Carde,tcarde22@domainmarket.com,Male,53.209.179.166
76,Alexio,Mathwin,amathwin23@ihg.com,Male,167.215.113.226
77,Hercules,Candie,hcandie24@oakley.com,Male,109.206.40.63
78,Michael,Skitteral,mskitteral25@altervista.org,Male,64.122.97.8
79,Tyne,Bedson,tbedson26@g.co,Agender,182.50.95.109
80,Gabbie,Peltzer,gpeltzer27@a8.net,Female,100.192.6.149
81,Crystal,Vaskin,cvaskin28@w3.org,Female,232.231.7.57
82,Dar,Lefeuvre,dlefeuvre29@g.co,Male,42.5.241.64
83,Leigh,Sijmons,lsijmons2a@cpanel.net,Female,156.210.41.45
84,Ebony,Korneev,ekorneev2b@google.fr,Female,69.7.255.66
85,Durand,Whittaker,dwhittaker2c@virginia.edu,Male,235.127.110.122
86,Abbott,Mistry,amistry2d@arizona.edu,Agender,87.70.57.125
87,Malachi,Shadbolt,mshadbolt2e@rakuten.co.jp,Male,15.90.224.100
88,Peggi,Gauson,pgauson2f@newsvine.com,Female,189.54.52.218
89,Alaster,Woodfine,awoodfine2g@deviantart.com,Male,178.173.120.224
90,Roseline,Dechelette,rdechelette2h@webnode.com,Female,229.134.247.203
91,Mylo,Boothe,mboothe2i@woothemes.com,Male,188.224.10.116
92,Lari,Maddrell,lmaddrell2j@quantcast.com,Female,154.197.241.64
93,Teddie,Exall,texall2k@ed.gov,Female,247.9.108.174
94,Helaine,Brantl,hbrantl2l@wix.com,Bigender,78.56.210.215
95,Arielle,Dooher,adooher2m@upenn.edu,Female,198.141.26.39
96,Konstanze,Windress,kwindress2n@ifeng.com,Bigender,186.196.235.252
97,Tamara,Marle,tmarle2o@huffingtonpost.com,Female,11.133.42.117
98,Ardelle,Pickless,apickless2p@wordpress.org,Female,182.225.3.210
99,Esdras,Dunbobin,edunbobin2q@nhs.uk,Male,99.159.173.134
100,Carrissa,Buddle,cbuddle2r@unblog.fr,Female,208.156.245.138
101,Aurea,Mallia,amallia2s@earthlink.net,Female,212.221.57.35
102,Cyndi,Palk,cpalk2t@soup.io,Polygender,89.234.93.229
103,Neile,Warlock,nwarlock2u@va.gov,Female,77.140.81.234
104,Adelind,Oleksinski,aoleksinski2v@sciencedaily.com,Female,92.194.14.52
105,Idalia,Emlyn,iemlyn2w@ow.ly,Female,187.243.44.124
106,Kendricks,Novakovic,knovakovic2x@hubpages.com,Male,237.238.100.184
107,Shelley,Benion,sbenion2y@earthlink.net,Male,135.186.101.121
108,Ferd,Enstone,fenstone2z@ow.ly,Male,84.115.128.193
109,Francois,Sherburn,fsherburn30@cpanel.net,Male,71.159.112.125
110,Rosetta,Dobeson,rdobeson31@aol.com,Female,57.47.177.55
111,Denny,Lowten,dlowten32@t.co,Male,194.174.188.26
112,Jenni,Poundsford,jpoundsford33@furl.net,Female,195.254.194.87
113,Gabi,Moodey,gmoodey34@ocn.ne.jp,Genderqueer,129.251.72.170
114,Celestine,Torrese,ctorrese35@constantcontact.com,Genderqueer,152.148.8.128
115,Riccardo,Meeke,rmeeke36@youku.com,Male,54.217.22.196
116,Juan,Neagle,jneagle37@dedecms.com,Male,25.153.241.147
117,Loreen,Barcke,lbarcke38@salon.com,Female,54.85.61.242
118,Jefferson,Cecchi,jcecchi39@squidoo.com,Male,191.69.95.198
119,Dorthy,Asbery,dasbery3a@wikimedia.org,Female,24.97.183.232
120,Giusto,Pawel,gpawel3b@newsvine.com,Male,189.40.192.23
121,Cammy,Berendsen,cberendsen3c@a8.net,Male,144.66.26.22
122,Araldo,Hudel,ahudel3d@123-reg.co.uk,Male,17.89.61.73
123,Ginelle,Summerbell,gsummerbell3e@ox.ac.uk,Female,251.188.242.245
124,Hanan,Arderne,harderne3f@google.com.hk,Male,84.115.76.74
125,Brand,Muncey,bmuncey3g@weibo.com,Male,172.87.90.128
126,Ford,Jagiello,fjagiello3h@prlog.org,Male,195.129.125.180
127,Kirk,Wenn,kwenn3i@networksolutions.com,Polygender,31.248.114.80
128,Perla,Liggens,pliggens3j@usa.gov,Female,141.187.192.7
129,Torrey,Gresley,tgresley3k@sphinn.com,Male,148.101.190.130
130,Rurik,Silcox,rsilcox3l@multiply.com,Genderqueer,41.141.185.198
131,Gan,Vyel,gvyel3m@squarespace.com,Male,9.129.204.71
132,Gene,Petit,gpetit3n@ca.gov,Male,138.23.35.180
133,Frasco,Gonnely,fgonnely3o@merriam-webster.com,Male,203.188.187.94
134,Dasha,Blinerman,dblinerman3p@posterous.com,Agender,107.149.147.236
135,Linoel,Paydon,lpaydon3q@ucla.edu,Male,23.121.168.49
136,Harbert,Boater,hboater3r@paypal.com,Male,192.15.112.235
137,Carmita,Cogzell,ccogzell3s@guardian.co.uk,Female,51.35.21.27
138,Shaughn,Sapseed,ssapseed3t@vkontakte.ru,Male,53.192.216.184
139,Emmye,Aizic,eaizic3u@umich.edu,Female,163.219.101.69
140,Betti,Pinkett,bpinkett3v@wordpress.org,Female,162.169.155.132
141,Clerkclaude,Vickors,cvickors3w@intel.com,Male,2.235.6.40
142,Siward,Dutnell,sdutnell3x@nyu.edu,Genderqueer,246.192.172.251
143,Natalya,Zanolli,nzanolli3y@reference.com,Female,154.78.162.180
144,Lezlie,Petrecz,lpetrecz3z@shop-pro.jp,Female,124.166.118.36
145,Hanni,Guihen,hguihen40@gnu.org,Genderfluid,127.140.210.216
146,Caryn,Bothwell,cbothwell41@theguardian.com,Female,43.158.157.132
147,Roseann,Whylie,rwhylie42@gov.uk,Female,251.97.16.120
148,Brigham,Petric,bpetric43@unc.edu,Male,111.18.179.5
149,Ralina,Scogin,rscogin44@comsenz.com,Female,129.190.152.170
150,Brigitta,Dudgeon,bdudgeon45@mozilla.org,Female,220.16.59.13
151,Hy,Dockerty,hdockerty46@arstechnica.com,Male,23.120.72.85
152,Manny,Weekes,mweekes47@scientificamerican.com,Male,70.168.5.220
153,Keen,Symonds,ksymonds48@furl.net,Male,209.90.154.175
154,Callida,Yashunin,cyashunin49@nationalgeographic.com,Female,190.70.180.46
155,Amelita,Toquet,atoquet4a@xrea.com,Female,243.116.144.111
156,Patric,Vynarde,pvynarde4b@cdbaby.com,Male,216.108.190.104
157,Wake,Isakowicz,wisakowicz4c@tinypic.com,Male,141.67.251.142
158,Edwin,Glowacha,eglowacha4d@engadget.com,Male,104.241.70.88
159,Thayne,Sheaber,tsheaber4e@google.fr,Male,166.27.44.176
160,Anjanette,Coudray,acoudray4f@rediff.com,Female,28.27.52.79
161,Annie,Maxweell,amaxweell4g@gov.uk,Female,50.149.105.96
162,Sumner,Moffat,smoffat4h@macromedia.com,Male,155.4.222.117
163,Martyn,Beedle,mbeedle4i@ox.ac.uk,Male,112.53.84.207
164,Carolyn,Stonary,cstonary4j@yahoo.co.jp,Female,105.123.208.191
165,Spencer,Goldspink,sgoldspink4k@usa.gov,Male,203.162.34.160
166,Zsa zsa,Kale,zkale4l@pcworld.com,Female,255.241.97.67
167,Bekki,Baggarley,bbaggarley4m@opera.com,Female,35.125.204.170
168,Beatrix,McGorman,bmcgorman4n@livejournal.com,Female,231.109.237.251
169,Corbett,Seldner,cseldner4o@ibm.com,Male,239.250.235.71
170,Dom,Chalfant,dchalfant4p@tmall.com,Male,160.160.207.238
171,Idalina,Pead,ipead4q@edublogs.org,Female,90.97.150.61
172,Serge,Curran,scurran4r@sakura.ne.jp,Male,105.80.121.243
173,Conrade,Polin,cpolin4s@hexun.com,Male,7.181.201.50
174,Dilly,Brameld,dbrameld4t@dropbox.com,Male,243.56.140.4
175,Renate,Mouser,rmouser4u@statcounter.com,Female,116.209.102.122
176,Nicola,Hext,nhext4v@pcworld.com,Male,108.181.114.196
177,Brittani,Colbron,bcolbron4w@furl.net,Female,220.49.222.225
178,Maureene,Rudyard,mrudyard4x@about.com,Female,227.10.231.47
179,Giacobo,Wildash,gwildash4y@state.tx.us,Male,93.15.246.230
180,Liliane,Triplow,ltriplow4z@mac.com,Female,150.200.223.106
181,Kennedy,Boughen,kboughen50@flavors.me,Non-binary,5.222.23.6
182,Kyla,Pharrow,kpharrow51@1688.com,Female,38.254.236.30
183,Dewitt,Getch,dgetch52@desdev.cn,Agender,72.108.157.24
184,Gayler,Curnokk,gcurnokk53@hud.gov,Male,65.93.216.103
185,Archibold,Chatteris,achatteris54@last.fm,Male,53.144.97.41
186,Pavia,Andreotti,pandreotti55@cam.ac.uk,Female,234.201.205.16
187,Doralynn,Morrel,dmorrel56@sina.com.cn,Bigender,181.78.217.27
188,Brigg,Buffy,bbuffy57@nasa.gov,Male,21.194.5.100
189,Celina,Rutty,crutty58@google.pl,Female,124.25.250.27
190,Agustin,Duffus,aduffus59@aol.com,Male,167.165.80.242
191,Tressa,Germaine,tgermaine5a@youtube.com,Female,220.232.207.240
192,Norrie,Gilson,ngilson5b@google.de,Male,89.140.254.185
193,Riane,Writtle,rwrittle5c@tamu.edu,Bigender,27.208.138.169
194,Marge,Jahnisch,mjahnisch5d@va.gov,Female,105.81.85.39
195,Tye,Suter,tsuter5e@geocities.jp,Male,170.142.14.223
196,Guilbert,Jestico,gjestico5f@livejournal.com,Male,30.28.193.51
197,Tessa,Hulk,thulk5g@narod.ru,Female,228.168.138.2
198,Eda,Martinovic,emartinovic5h@symantec.com,Female,74.236.166.224
199,Grazia,Brimham,gbrimham5i@springer.com,Female,92.128.99.60
200,Padraic,Sibbald,psibbald5j@chron.com,Male,222.115.36.184
201,Les,Trussell,ltrussell5k@desdev.cn,Male,215.172.144.18
202,Lynna,Longbothom,llongbothom5l@friendfeed.com,Female,28.21.57.93
203,Otha,Tripean,otripean5m@mayoclinic.com,Female,249.209.32.109
204,Pearline,Asplin,pasplin5n@vimeo.com,Female,139.223.211.218
205,Virgie,Dilgarno,vdilgarno5o@jiathis.com,Male,190.12.242.80
206,Analise,Smogur,asmogur5p@parallels.com,Polygender,185.235.244.52
207,Jerrine,Sapena,jsapena5q@rediff.com,Female,29.39.235.164
208,Sadella,Ber,sber5r@techcrunch.com,Female,10.166.139.200
209,Maggie,Westwood,mwestwood5s@moonfruit.com,Polygender,47.98.249.171
210,Terrance,Micallef,tmicallef5t@bizjournals.com,Male,109.141.205.198
211,Brady,Borles,bborles5u@i2i.jp,Male,21.252.254.177
212,Aldous,Alstead,aalstead5v@youku.com,Male,146.209.155.60
213,Garvy,Rockcliffe,grockcliffe5w@blogs.com,Male,236.218.111.43
214,Wash,Markussen,wmarkussen5x@reference.com,Male,35.155.0.116
215,Gaylor,Oppie,goppie5y@kickstarter.com,Male,103.185.79.205
216,Dix,Mustarde,dmustarde5z@google.com.br,Female,141.57.105.10
217,Hilary,Mundwell,hmundwell60@cbslocal.com,Male,202.221.45.47
218,Ketty,Ardron,kardron61@zdnet.com,Female,63.184.139.228
219,Pamelina,Bunker,pbunker62@yale.edu,Female,128.124.207.36
220,Venita,Tilt,vtilt63@google.co.uk,Female,57.103.177.76
221,Howard,Nowland,hnowland64@hugedomains.com,Male,158.21.103.146
222,Erskine,Minard,eminard65@elpais.com,Male,50.80.113.107
223,Kendre,Fuidge,kfuidge66@utexas.edu,Female,107.51.220.252
224,Tori,Simonazzi,tsimonazzi67@cyberchimps.com,Female,243.136.208.67
225,Maggy,Philippart,mphilippart68@123-reg.co.uk,Female,114.93.128.94
226,Bastian,Downes,bdownes69@hubpages.com,Male,191.99.120.49
227,Hill,Grigoliis,hgrigoliis6a@mozilla.com,Non-binary,143.186.128.61
228,Dulsea,Dolton,ddolton6b@wisc.edu,Female,144.99.183.108
229,Crawford,Whitley,cwhitley6c@hatena.ne.jp,Male,8.62.153.112
230,Griselda,Evans,gevans6d@cocolog-nifty.com,Female,230.117.49.103
231,Ellynn,Lashford,elashford6e@sohu.com,Female,217.68.35.232
232,Forster,Row,frow6f@smugmug.com,Male,222.238.196.248
233,Hannah,Sendley,hsendley6g@google.ru,Genderqueer,44.174.249.218
234,Novelia,Icom,nicom6h@macromedia.com,Female,62.106.175.198
235,Dominick,Jiggen,djiggen6i@hubpages.com,Male,103.7.235.167
236,Brendin,Caccavella,bcaccavella6j@blog.com,Male,154.232.244.20
237,Martina,Togwell,mtogwell6k@elpais.com,Female,161.148.254.60
238,Stephie,McKeown,smckeown6l@weather.com,Genderqueer,112.212.209.185
239,Reagan,Cossans,rcossans6m@census.gov,Male,142.130.167.91
240,Maxie,Radmore,mradmore6n@comcast.net,Male,70.165.176.138
241,Amalita,Bevan,abevan6o@microsoft.com,Female,16.73.153.136
242,Miof mela,Tainton,mtainton6p@wikipedia.org,Female,149.25.138.69
243,Sari,McAllester,smcallester6q@noaa.gov,Female,134.196.127.82
244,Belvia,Ticehurst,bticehurst6r@freewebs.com,Female,192.194.179.69
245,Konstantine,Thurling,kthurling6s@usgs.gov,Male,5.192.150.74
246,Nicholas,Takkos,ntakkos6t@vinaora.com,Male,205.247.189.71
247,Barbette,Train,btrain6u@github.io,Female,253.42.232.185
248,Magdalena,Foldes,mfoldes6v@alexa.com,Female,93.45.23.77
249,Max,Nye,mnye6w@wisc.edu,Male,66.71.214.139
250,Claudianus,Binney,cbinney6x@ebay.com,Non-binary,4.200.127.185
251,Jobina,Rippin,jrippin6y@bravesites.com,Female,249.167.71.49
252,Annora,Whenman,awhenman6z@statcounter.com,Female,218.84.166.20
253,Nixie,Ritelli,nritelli70@lycos.com,Genderfluid,6.34.188.196
254,Armand,Colrein,acolrein71@upenn.edu,Male,121.207.222.15
255,Chantalle,Hanscom,chanscom72@sakura.ne.jp,Female,147.56.109.247
256,Jeffry,Shellum,jshellum73@nifty.com,Male,89.135.77.165
257,Jesse,Luckett,jluckett74@dailymail.co.uk,Female,194.184.161.87
258,Mariejeanne,Blind,mblind75@unesco.org,Female,196.218.150.65
259,Nani,Swanson,nswanson76@webeden.co.uk,Female,94.234.147.118
260,Ricky,Towlson,rtowlson77@redcross.org,Female,191.197.225.47
261,Whit,Titchard,wtitchard78@issuu.com,Male,9.130.51.103
262,Ailey,Handscombe,ahandscombe79@cargocollective.com,Female,2.250.58.108
263,Iormina,Ludye,iludye7a@nymag.com,Female,17.75.222.66
264,Marice,Eborn,meborn7b@google.com.hk,Female,195.111.208.183
265,Cyrus,Moston,cmoston7c@goodreads.com,Male,50.113.88.134
266,Benoit,Lingard,blingard7d@china.com.cn,Genderqueer,14.202.244.74
267,Gwenny,Yitzhak,gyitzhak7e@ow.ly,Genderqueer,178.103.241.222
268,Tyson,Allabush,tallabush7f@shutterfly.com,Male,76.226.224.55
269,Cody,Jorden,cjorden7g@marketwatch.com,Non-binary,73.171.75.166
270,Benoite,Tivnan,btivnan7h@state.tx.us,Female,90.186.197.71
271,Darn,Domenge,ddomenge7i@amazon.com,Male,114.112.132.164
272,Eleonora,Attenburrow,eattenburrow7j@yahoo.co.jp,Female,70.109.233.73
273,Livvyy,Kenninghan,lkenninghan7k@wikispaces.com,Female,31.42.92.29
274,Madeline,Jeannot,mjeannot7l@example.com,Female,219.197.190.83
275,Timothy,Seal,tseal7m@psu.edu,Male,240.17.28.89
276,Ferne,Inkpen,finkpen7n@delicious.com,Female,219.221.137.222
277,Roosevelt,Grane,rgrane7o@washington.edu,Male,215.245.65.250
278,Emory,Ganter,eganter7p@earthlink.net,Male,236.177.14.129
279,Meaghan,Jurgenson,mjurgenson7q@spotify.com,Female,194.71.78.252
280,Terrence,Baudains,tbaudains7r@usa.gov,Male,92.78.152.162
281,Florrie,De Mattia,fdemattia7s@unblog.fr,Female,36.38.177.47
282,Millie,Maskew,mmaskew7t@blogspot.com,Female,209.245.95.2
283,Gustaf,Selly,gselly7u@360.cn,Male,158.39.206.225
284,Alexandro,Have,ahave7v@craigslist.org,Male,138.252.51.190
285,Kristian,Thews,kthews7w@zimbio.com,Male,223.204.11.45
286,Livia,Stolz,lstolz7x@squarespace.com,Female,139.110.244.178
287,Zelig,Rubinovici,zrubinovici7y@microsoft.com,Male,125.198.23.164
288,Arleyne,Hantusch,ahantusch7z@free.fr,Female,145.37.79.229
289,Bessy,Beddow,bbeddow80@dyndns.org,Female,179.118.93.95
290,Burlie,Dyhouse,bdyhouse81@npr.org,Male,37.32.33.55
291,Keeley,Duesbury,kduesbury82@newyorker.com,Female,212.211.86.97
292,Christos,Yeaman,cyeaman83@about.me,Male,55.146.214.21
293,Mercy,Jervoise,mjervoise84@163.com,Female,183.244.36.195
294,Melissa,Grimmert,mgrimmert85@desdev.cn,Female,115.91.145.226
295,Rina,Leefe,rleefe86@eventbrite.com,Female,56.183.54.217
296,Lincoln,Goymer,lgoymer87@blogs.com,Male,251.174.179.4
297,Jacqueline,Wentworth,jwentworth88@ftc.gov,Female,32.41.26.58
298,Alric,Tourle,atourle89@google.it,Male,122.197.4.127
299,Noach,Cochran,ncochran8a@hibu.com,Male,228.211.8.185
300,Mandie,Weeds,mweeds8b@miibeian.gov.cn,Female,219.128.106.206
301,Abey,Sharrard,asharrard8c@shutterfly.com,Male,40.175.35.213
302,Melisande,Banham,mbanham8d@ucoz.com,Female,233.39.168.28
303,Bryce,Sedgemond,bsedgemond8e@chicagotribune.com,Male,213.160.53.23
304,Ethel,Mitrovic,emitrovic8f@techcrunch.com,Genderqueer,22.220.92.217
305,Fin,Ors,fors8g@nbcnews.com,Male,103.196.72.59
306,Andreana,Baudrey,abaudrey8h@woothemes.com,Female,63.212.193.137
307,Germain,Woodes,gwoodes8i@free.fr,Female,210.193.175.9
308,Kalinda,Dizlie,kdizlie8j@pen.io,Female,196.188.6.212
309,Eamon,Gieves,egieves8k@indiatimes.com,Male,62.199.4.235
310,Aylmer,Truett,atruett8l@soup.io,Male,191.38.135.16
311,Arden,Gethouse,agethouse8m@yale.edu,Female,118.15.5.143
312,Erroll,Lawlor,elawlor8n@symantec.com,Male,168.51.74.169
313,Sofie,Androck,sandrock8o@cdbaby.com,Female,85.140.251.94
314,Orella,Janout,ojanout8p@comsenz.com,Female,78.208.81.47
315,Florentia,Jestico,fjestico8q@alibaba.com,Female,225.245.79.30
316,Stevena,Ioselev,sioselev8r@stanford.edu,Female,219.47.19.35
317,Kittie,Castagnet,kcastagnet8s@desdev.cn,Female,239.0.84.201
318,Hadria,Duell,hduell8t@technorati.com,Female,194.173.38.130
319,Amandi,Facchini,afacchini8u@google.cn,Female,110.127.94.198
320,Mira,Rosenfield,mrosenfield8v@cnn.com,Female,13.18.132.213
321,Martyn,McGeagh,mmcgeagh8w@bbb.org,Male,32.230.204.224
322,Rhoda,Anthonies,ranthonies8x@about.me,Female,104.181.29.87
323,Ewell,Flott,eflott8y@google.de,Male,65.142.117.216
324,Virgilio,Stearley,vstearley8z@tumblr.com,Male,36.128.158.87
325,Opalina,Romer,oromer90@elegantthemes.com,Female,155.134.144.110
326,Verna,Alldread,valldread91@xrea.com,Agender,222.252.151.247
327,Ross,Echalier,rechalier92@so-net.ne.jp,Male,169.27.66.77
328,Nalani,Cracoe,ncracoe93@pbs.org,Female,231.122.136.203
329,Melvyn,Bees,mbees94@mayoclinic.com,Male,116.164.93.170
330,Nolie,Vanyard,nvanyard95@biglobe.ne.jp,Genderqueer,139.29.125.61
331,Lief,Reade,lreade96@huffingtonpost.com,Genderfluid,187.55.221.93
332,Aldric,Thornewill,athornewill97@vkontakte.ru,Polygender,3.77.230.160
333,Cobby,Tudhope,ctudhope98@dailymail.co.uk,Male,128.55.231.181
334,Tyne,Illidge,tillidge99@nifty.com,Female,174.223.217.27
335,Vinnie,Corneliussen,vcorneliussen9a@netscape.com,Female,92.1.180.212
336,Kayley,Duxbarry,kduxbarry9b@eventbrite.com,Female,197.35.252.49
337,Gabie,Chieco,gchieco9c@slate.com,Female,123.108.33.99
338,Lindsay,Inkpin,linkpin9d@phoca.cz,Female,229.246.194.54
339,Carroll,Garrison,cgarrison9e@discuz.net,Male,20.228.225.96
340,Killian,Grafhom,kgrafhom9f@telegraph.co.uk,Male,19.1.17.173
341,Daren,Heynen,dheynen9g@amazonaws.com,Male,137.62.204.43
342,Halimeda,Fidelli,hfidelli9h@google.com.au,Female,35.37.51.169
343,Sigmund,Doppler,sdoppler9i@scribd.com,Male,46.161.220.252
344,Jerrold,Jurgenson,jjurgenson9j@google.nl,Male,166.106.131.183
345,Brina,Pendleberry,bpendleberry9k@google.com.br,Female,231.191.174.56
346,Gail,Bruhn,gbruhn9l@hao123.com,Male,64.80.140.213
347,Aube,Bony,abony9m@com.com,Male,210.232.28.67
348,Bendicty,Bankhurst,bbankhurst9n@istockphoto.com,Male,192.175.216.181
349,Gregorio,Tarbin,gtarbin9o@last.fm,Male,67.134.151.71
350,Margarita,Berks,mberks9p@dedecms.com,Female,219.112.16.223
351,Koenraad,Venner,kvenner9q@paypal.com,Male,81.133.78.140
352,Pam,Borthe,pborthe9r@elpais.com,Female,97.69.95.166
353,Palm,Devanney,pdevanney9s@state.tx.us,Male,117.206.175.8
354,Jerrie,Gabbatt,jgabbatt9t@nytimes.com,Male,244.155.108.254
355,Merry,Bourbon,mbourbon9u@1und1.de,Male,94.112.12.250
356,Winni,Hindsberg,whindsberg9v@jimdo.com,Female,134.198.168.166
357,Thornton,Hamerton,thamerton9w@samsung.com,Male,33.52.38.254
358,Cheryl,Paolazzi,cpaolazzi9x@soup.io,Female,164.235.86.148
359,Carrie,Manton,cmanton9y@unblog.fr,Agender,49.62.2.173
360,Lucais,Bloxham,lbloxham9z@marketwatch.com,Male,84.199.13.26
361,Ced,Fitzsymon,cfitzsymona0@free.fr,Male,47.91.7.89
362,Karie,Baldery,kbalderya1@tiny.cc,Female,36.185.223.156
363,Stewart,O'Gavin,sogavina2@reuters.com,Male,94.131.225.180
364,Jourdan,Ivanyushin,jivanyushina3@friendfeed.com,Female,73.254.106.175
365,Thornie,Novacek,tnovaceka4@nbcnews.com,Male,109.46.208.37
366,Violante,Aires,vairesa5@parallels.com,Female,190.86.8.185
367,Monica,Guise,mguisea6@stanford.edu,Female,208.218.33.206
368,Efrem,Adamczewski,eadamczewskia7@reuters.com,Male,238.105.0.92
369,Sasha,Adel,sadela8@slashdot.org,Female,209.56.66.16
370,Max,Statham,mstathama9@dell.com,Female,8.242.125.120
371,Gothart,Hinners,ghinnersaa@boston.com,Male,119.101.21.232
372,Thorndike,Lambricht,tlambrichtab@ftc.gov,Male,124.98.244.61
373,Garreth,Beacon,gbeaconac@youku.com,Male,132.111.34.99
374,Carr,Wimpress,cwimpressad@smh.com.au,Male,63.205.222.9
375,Ingeberg,Flobert,iflobertae@buzzfeed.com,Female,205.11.187.107
376,Ami,Blesli,ablesliaf@cnn.com,Female,58.83.207.25
377,Igor,Reside,iresideag@geocities.com,Male,186.151.59.63
378,Megan,Flude,mfludeah@apple.com,Female,38.244.119.79
379,Corenda,MacLice,cmacliceai@yahoo.com,Female,174.236.197.121
380,Peta,Drysdall,pdrysdallaj@vistaprint.com,Female,13.56.221.213
381,Shea,Barthelme,sbarthelmeak@storify.com,Male,30.221.111.55
382,Arvy,Cratchley,acratchleyal@topsy.com,Male,36.202.44.208
383,Honey,Millward,hmillwardam@nsw.gov.au,Female,187.151.44.152
384,Ronnie,Mordie,rmordiean@goodreads.com,Male,64.47.17.36
385,Job,Breit,jbreitao@who.int,Male,108.174.107.146
386,Babara,O'Carran,bocarranap@ucoz.ru,Female,50.127.15.3
387,Bettye,Saunter,bsaunteraq@google.com.hk,Female,255.104.15.215
388,Sebastien,McMurraya,smcmurrayaar@psu.edu,Male,80.80.125.25
389,Darya,McGiven,dmcgivenas@gov.uk,Female,250.90.214.64
390,Lotta,Basilotta,lbasilottaat@jiathis.com,Bigender,241.17.215.151
391,Rosalind,Waltho,rwalthoau@wired.com,Female,224.121.187.160
392,Dominique,O'Scanlon,doscanlonav@ocn.ne.jp,Female,97.85.248.100
393,Emile,Mirrlees,emirrleesaw@jimdo.com,Non-binary,5.5.22.203
394,Traver,Welband,twelbandax@si.edu,Male,58.80.191.236
395,Base,Disbury,bdisburyay@cloudflare.com,Male,45.19.83.69
396,Denys,Batthew,dbatthewaz@booking.com,Male,86.250.124.228
397,Lona,Key,lkeyb0@rediff.com,Female,158.108.34.147
398,Kariotta,Strivens,kstrivensb1@theatlantic.com,Female,20.148.144.120
399,Hollyanne,Aspinall,haspinallb2@vkontakte.ru,Female,231.60.105.233
400,Letisha,Abrahamsohn,labrahamsohnb3@constantcontact.com,Female,121.7.97.92
401,Carlyn,Sumshon,csumshonb4@nps.gov,Female,250.139.135.24
402,Erich,Short,eshortb5@apple.com,Male,140.210.240.143
403,Brion,Wenn,bwennb6@amazon.co.jp,Male,199.235.231.212
404,Kaycee,Outibridge,koutibridgeb7@youku.com,Female,42.224.70.78
405,Aloysius,Childs,achildsb8@usa.gov,Male,20.249.149.210
406,Even,Le Grand,elegrandb9@eepurl.com,Male,241.211.224.41
407,Moshe,Dancey,mdanceyba@noaa.gov,Male,231.160.231.254
408,Benton,Jiras,bjirasbb@deliciousdays.com,Male,102.169.114.57
409,Ashton,Fawkes,afawkesbc@shinystat.com,Male,164.238.82.98
410,Bryn,Greenhouse,bgreenhousebd@miitbeian.gov.cn,Female,127.172.153.115
411,Tilda,Piggott,tpiggottbe@ocn.ne.jp,Female,11.73.10.88
412,Conan,Tyrrell,ctyrrellbf@gov.uk,Male,67.131.117.53
413,Bendix,Kenelin,bkenelinbg@salon.com,Genderqueer,117.5.95.138
414,Kristy,Iacovolo,kiacovolobh@noaa.gov,Genderfluid,148.182.181.143
415,Pete,Thunderman,pthundermanbi@blogspot.com,Male,111.102.237.56
416,Sauveur,Longland,slonglandbj@fda.gov,Male,161.197.109.215
417,Gawain,Toleman,gtolemanbk@etsy.com,Male,24.32.140.160
418,Lavina,Phelit,lphelitbl@livejournal.com,Female,72.29.221.233
419,Barbara,Mutlow,bmutlowbm@i2i.jp,Female,207.18.205.83
420,Merlina,MacGown,mmacgownbn@vkontakte.ru,Female,20.230.155.203
421,Francois,Trounson,ftrounsonbo@sun.com,Male,38.11.221.161
422,Norman,McLurg,nmclurgbp@paypal.com,Male,159.149.37.20
423,Shurlock,Schout,sschoutbq@php.net,Male,11.157.47.83
424,Ilka,Bondar,ibondarbr@g.co,Female,204.138.96.173
425,Brook,Edelheid,bedelheidbs@amazon.de,Female,173.102.208.207
426,Sancho,Bellham,sbellhambt@com.com,Male,181.149.251.197
427,Ernaline,Wellum,ewellumbu@artisteer.com,Female,184.187.98.147
428,Fara,Whotton,fwhottonbv@kickstarter.com,Female,243.192.238.245
429,Rhett,Palumbo,rpalumbobw@alibaba.com,Male,138.131.212.193
430,Zebadiah,McElane,zmcelanebx@usda.gov,Male,130.175.223.10
431,Ahmed,Duffell,aduffellby@howstuffworks.com,Male,140.177.139.5
432,Alonzo,Marti,amartibz@cbslocal.com,Male,245.181.79.40
433,Joelle,Krolle,jkrollec0@abc.net.au,Female,168.239.254.64
434,Tabbie,Sporner,tspornerc1@cbsnews.com,Female,186.250.133.112
435,Carole,Taillard,ctaillardc2@qq.com,Female,68.43.227.132
436,Stanford,Antcliff,santcliffc3@infoseek.co.jp,Male,174.204.190.100
437,Tabb,Hartnell,thartnellc4@microsoft.com,Male,111.209.71.231
438,Collette,Sigg,csiggc5@g.co,Female,65.247.15.91
439,Ellwood,Clementel,eclementelc6@reuters.com,Male,253.170.70.133
440,Dillie,Kintzel,dkintzelc7@google.it,Male,138.96.171.157
441,Nappy,Shire,nshirec8@princeton.edu,Male,93.192.217.93
442,Chariot,Scholz,cscholzc9@netscape.com,Male,180.46.148.12
443,Clair,Herreran,cherreranca@europa.eu,Male,103.48.158.239
444,Maxim,Dudderidge,mdudderidgecb@google.nl,Male,251.216.45.42
445,Barr,Ringer,bringercc@goo.ne.jp,Male,75.156.130.185
446,Jemmie,Pahler,jpahlercd@google.ca,Female,171.79.137.3
447,Tadd,Priestland,tpriestlandce@go.com,Genderqueer,235.165.45.165
448,Lindsay,Carlens,lcarlenscf@instagram.com,Male,11.104.222.91
449,Fredia,Bythway,fbythwaycg@skyrock.com,Female,148.135.113.67
450,Griz,Pigne,gpignech@ucoz.com,Male,154.8.233.87
451,Elisabetta,Anger,eangerci@umn.edu,Female,152.37.7.18
452,Carver,Braunlein,cbraunleincj@slashdot.org,Male,131.33.209.24
453,Violante,Bellam,vbellamck@unblog.fr,Bigender,70.7.27.39
454,Pearl,Olenin,polenincl@scribd.com,Female,153.44.242.243
455,Dunc,Gurney,dgurneycm@google.pl,Male,165.232.87.135
456,Che,Martinson,cmartinsoncn@goodreads.com,Male,50.44.15.91
457,Melissa,Husby,mhusbyco@chron.com,Female,188.10.106.153
458,Bordy,Van der Son,bvandersoncp@baidu.com,Male,117.2.47.48
459,Aron,Igglesden,aigglesdencq@t-online.de,Male,42.255.144.72
460,Kleon,Talboy,ktalboycr@goodreads.com,Male,182.99.46.34
461,Lory,Waszkiewicz,lwaszkiewiczcs@diigo.com,Female,13.105.218.190
462,Nevsa,Ebenezer,nebenezerct@ustream.tv,Female,25.244.18.149
463,Isabeau,Olivi,iolivicu@pinterest.com,Female,98.39.10.41
464,Katee,Vibert,kvibertcv@fc2.com,Female,176.148.78.196
465,Priscella,Arrow,parrowcw@ihg.com,Female,234.207.40.71
466,Gard,Croney,gcroneycx@wikispaces.com,Male,41.120.19.6
467,Felizio,Gristock,fgristockcy@instagram.com,Male,86.61.155.27
468,Margery,Yon,myoncz@npr.org,Female,44.226.4.52
469,Stefan,Carrack,scarrackd0@usda.gov,Male,61.165.180.225
470,Iolande,Learoyde,ilearoyded1@newsvine.com,Female,187.214.171.114
471,Rhonda,Gatchell,rgatchelld2@kickstarter.com,Female,17.136.57.197
472,Dannie,Goldstraw,dgoldstrawd3@mediafire.com,Female,190.166.12.74
473,Aarika,Heskey,aheskeyd4@foxnews.com,Female,172.81.195.63
474,Elaina,Garbert,egarbertd5@i2i.jp,Female,69.149.175.0
475,Jeane,Abernethy,jabernethyd6@1688.com,Female,116.205.119.146
476,Celestina,Furnell,cfurnelld7@domainmarket.com,Female,57.11.156.214
477,Kristoforo,Murrison,kmurrisond8@deliciousdays.com,Non-binary,42.86.93.253
478,Beverie,Cathersides,bcathersidesd9@prweb.com,Female,27.248.116.233
479,Hetty,Villiers,hvilliersda@ebay.co.uk,Female,219.142.214.163
480,Barnett,Donneely,bdonneelydb@oakley.com,Male,135.106.180.55
481,Charles,Klug,cklugdc@newyorker.com,Male,185.74.198.170
482,Rory,Burbage,rburbagedd@xrea.com,Male,57.105.141.62
483,Bob,Pierpoint,bpierpointde@surveymonkey.com,Male,163.3.52.38
484,Fredericka,Loos,floosdf@blogtalkradio.com,Female,166.70.28.11
485,Christiana,Jagiela,cjagieladg@unc.edu,Female,237.197.145.27
486,Harmonie,Killock,hkillockdh@google.es,Female,29.69.80.215
487,Sawyer,Fenkel,sfenkeldi@statcounter.com,Male,255.125.236.254
488,Reid,Heighway,rheighwaydj@ow.ly,Male,179.32.153.7
489,Clerc,Youson,cyousondk@java.com,Male,239.145.62.74
490,Kim,Nary,knarydl@cbc.ca,Male,186.197.115.172
491,Gabriela,McKew,gmckewdm@diigo.com,Female,0.138.113.101
492,Coleman,Cadwallader,ccadwalladerdn@pcworld.com,Male,212.232.127.22
493,Stanford,Mattock,smattockdo@census.gov,Male,19.148.56.18
494,Cissy,Cardoe,ccardoedp@sakura.ne.jp,Female,140.222.167.211
495,Paxon,Hylton,phyltondq@webs.com,Male,3.214.123.123
496,Florida,Harlett,fharlettdr@sciencedirect.com,Female,14.100.2.179
497,Bernelle,Thoms,bthomsds@wisc.edu,Female,138.164.112.145
498,Kort,Kyberd,kkyberddt@adobe.com,Male,231.181.106.147
499,Lawrence,Bauchop,lbauchopdu@prlog.org,Male,98.197.37.107
500,Livvie,Thinn,lthinndv@posterous.com,Female,115.224.103.201
501,Hildagarde,Bullent,hbullentdw@studiopress.com,Female,225.234.109.45
502,Tallie,Kidston,tkidstondx@biblegateway.com,Male,61.113.32.193
503,Arielle,Samudio,asamudiody@narod.ru,Female,108.34.214.182
504,Griffie,Newberry,gnewberrydz@youtube.com,Male,136.45.136.69
505,Judd,Bletsoe,jbletsoee0@cbslocal.com,Male,220.212.186.68
506,Jania,Di Biasio,jdibiasioe1@google.com,Female,217.81.137.144
507,Emmy,Caldero,ecalderoe2@boston.com,Male,123.127.181.179
508,Marja,Odda,moddae3@java.com,Female,111.225.205.53
509,Timoteo,Wrenn,twrenne4@chron.com,Male,251.152.165.144
510,Helen,Sibylla,hsibyllae5@narod.ru,Female,223.103.143.144
511,Bond,MacScherie,bmacscheriee6@4shared.com,Male,54.46.90.90
512,Frederigo,Astle,fastlee7@plala.or.jp,Male,85.238.101.165
513,Doro,Calway,dcalwaye8@shareasale.com,Polygender,250.101.143.4
514,Harman,Heinssen,hheinssene9@discuz.net,Male,210.108.14.195
515,Stefania,McCabe,smccabeea@slate.com,Female,106.189.113.103
516,Junette,Seligson,jseligsoneb@nbcnews.com,Genderfluid,146.17.178.66
517,Geno,Epton,geptonec@hao123.com,Non-binary,57.12.194.162
518,Normy,Hardage,nhardageed@exblog.jp,Male,209.32.124.22
519,Shamus,Bindin,sbindinee@woothemes.com,Genderfluid,73.168.89.86
520,Aeriell,Skellern,askellernef@github.io,Female,92.223.58.244
521,Aurilia,Dooler,adoolereg@about.com,Female,243.225.187.122
522,Pasquale,Coatts,pcoattseh@apple.com,Male,99.103.217.170
523,Godfree,Corragan,gcorraganei@icio.us,Male,159.14.32.31
524,Gerrie,Loidl,gloidlej@cdbaby.com,Male,27.6.159.166
525,Ray,Thairs,rthairsek@behance.net,Male,183.58.203.93
526,Otis,Hinkensen,ohinkensenel@shareasale.com,Non-binary,40.103.150.197
527,Vonnie,Dishman,vdishmanem@bbb.org,Female,233.232.210.236
528,Lindie,Rothchild,lrothchilden@admin.ch,Female,158.152.146.81
529,Gaylord,Hansmann,ghansmanneo@livejournal.com,Male,157.139.213.86
530,Barthel,Bartolic,bbartolicep@who.int,Male,18.150.180.149
531,Zsazsa,Punshon,zpunshoneq@theatlantic.com,Female,146.221.232.188
532,Nesta,Casero,ncaseroer@cbslocal.com,Female,97.13.11.164
533,Eugenie,Covendon,ecovendones@economist.com,Female,61.163.171.49
534,Emmey,Ashmore,eashmoreet@stumbleupon.com,Female,14.155.207.194
535,Angeline,Mackerness,amackernesseu@msu.edu,Female,195.148.235.144
536,Aggy,Dungay,adungayev@printfriendly.com,Female,111.37.217.1
537,Lynn,Heare,lheareew@linkedin.com,Male,10.76.231.211
538,Forest,Kumaar,fkumaarex@drupal.org,Male,166.145.82.180
539,Dell,Holcroft,dholcroftey@netlog.com,Male,54.65.159.57
540,Prudy,Morris,pmorrisez@theatlantic.com,Female,212.192.246.254
541,Gardie,Moens,gmoensf0@clickbank.net,Male,97.182.13.193
542,Jacklin,Umbert,jumbertf1@google.com.br,Female,166.230.113.3
543,Ruthann,Snodin,rsnodinf2@reference.com,Female,143.205.203.33
544,Bordie,Durand,bdurandf3@surveymonkey.com,Agender,126.200.118.11
545,Parnell,McDonough,pmcdonoughf4@washington.edu,Male,4.208.149.17
546,Wylma,Kobera,wkoberaf5@123-reg.co.uk,Female,171.253.197.227
547,Jefferey,Laurentino,jlaurentinof6@tinyurl.com,Male,57.234.13.228
548,Robb,Gorgen,rgorgenf7@un.org,Male,39.83.138.62
549,Alfy,Sutehall,asutehallf8@icq.com,Genderqueer,109.227.199.10
550,Enrique,Leavesley,eleavesleyf9@columbia.edu,Male,25.170.163.141
551,Sheridan,Jandac,sjandacfa@ox.ac.uk,Male,184.254.93.151
552,Mar,Trevascus,mtrevascusfb@who.int,Male,233.113.221.105
553,Audy,Hatherleigh,ahatherleighfc@ed.gov,Polygender,170.145.31.181
554,Ethelyn,Braffington,ebraffingtonfd@flickr.com,Female,84.147.52.4
555,Starlene,Ruoss,sruossfe@fastcompany.com,Female,218.70.27.192
556,Olivier,Dennington,odenningtonff@is.gd,Male,200.123.189.215
557,Halsey,Clutram,hclutramfg@reference.com,Male,27.171.210.132
558,Florina,Clist,fclistfh@g.co,Female,228.153.41.101
559,Daniella,Dmytryk,ddmytrykfi@boston.com,Female,24.157.32.245
560,Prissie,Straker,pstrakerfj@newyorker.com,Female,4.182.107.39
561,Deirdre,Huertas,dhuertasfk@blog.com,Female,21.121.4.243
562,Ursala,McEvay,umcevayfl@wired.com,Female,99.242.66.71
563,Bar,Beiderbecke,bbeiderbeckefm@ca.gov,Male,29.252.2.86
564,Rockwell,Synan,rsynanfn@microsoft.com,Male,124.54.129.97
565,Petunia,Sketchley,psketchleyfo@youku.com,Female,15.84.219.95
566,Linet,Poston,lpostonfp@fda.gov,Polygender,102.55.139.104
567,Tarah,Stansbury,tstansburyfq@free.fr,Female,9.48.175.8
568,Clemence,Pridie,cpridiefr@free.fr,Female,65.174.125.132
569,Caren,Ridler,cridlerfs@google.com,Female,179.157.35.114
570,Nolana,Walenta,nwalentaft@archive.org,Female,217.75.251.252
571,Nathan,Vidineev,nvidineevfu@artisteer.com,Male,34.207.222.64
572,Alaine,Bigmore,abigmorefv@multiply.com,Genderfluid,37.204.138.129
573,Oliviero,Poole,opoolefw@nytimes.com,Male,192.240.80.40
574,Lotti,Storrs,lstorrsfx@issuu.com,Female,41.124.10.47
575,Roshelle,Zorzenoni,rzorzenonify@stumbleupon.com,Female,129.10.198.82
576,Wyatt,Grishin,wgrishinfz@live.com,Male,124.145.209.21
577,Andee,Burras,aburrasg0@dedecms.com,Female,207.168.97.117
578,Dorette,Fettes,dfettesg1@vimeo.com,Female,40.81.228.45
579,Prue,Drinkall,pdrinkallg2@pbs.org,Female,46.81.89.228
580,Perla,Hallock,phallockg3@telegraph.co.uk,Female,59.227.104.255
581,Gertie,Crick,gcrickg4@addthis.com,Female,173.105.192.46
582,Rockwell,Stockton,rstocktong5@howstuffworks.com,Male,210.127.60.77
583,Aldon,Kraut,akrautg6@list-manage.com,Male,166.12.55.222
584,Ediva,Nugent,enugentg7@buzzfeed.com,Non-binary,101.202.63.41
585,Jobie,McDuff,jmcduffg8@jigsy.com,Female,155.91.234.37
586,Steven,McAdam,smcadamg9@phoca.cz,Male,57.53.158.85
587,Dalia,Guiet,dguietga@amazon.com,Female,128.79.28.87
588,Clement,Cunniam,ccunniamgb@myspace.com,Male,6.23.217.88
589,Susanna,Lawtie,slawtiegc@apple.com,Female,49.121.80.223
590,Weylin,Atkirk,watkirkgd@sina.com.cn,Male,33.145.7.236
591,Pincus,Rillstone,prillstonege@va.gov,Male,163.235.192.112
592,Jesse,Warricker,jwarrickergf@digg.com,Male,24.75.184.172
593,Ignacius,Clougher,icloughergg@nasa.gov,Male,87.152.8.12
594,Judas,Bouchard,jbouchardgh@canalblog.com,Male,118.16.176.183
595,Elliott,Tumelty,etumeltygi@seesaa.net,Male,134.26.121.172
596,Enrico,Mustin,emustingj@wiley.com,Male,236.250.104.233
597,Celia,Tompkiss,ctompkissgk@pagesperso-orange.fr,Female,99.106.45.158
598,Alphonso,Ilchuk,ailchukgl@bandcamp.com,Male,141.25.17.6
599,Dilan,Lelande,dlelandegm@wikispaces.com,Male,253.211.217.195
600,Brent,Trounson,btrounsongn@tripod.com,Male,209.177.169.101
601,Ulla,Howood,uhowoodgo@amazon.de,Female,245.242.13.144
602,Lorraine,Minet,lminetgp@marketwatch.com,Female,186.201.114.105
603,Rebecka,Scrine,rscrinegq@etsy.com,Female,204.198.125.114
604,Jenna,Bockin,jbockingr@mlb.com,Female,23.189.227.203
605,Cathyleen,Paty,cpatygs@biblegateway.com,Female,163.61.28.30
606,Bron,Trasler,btraslergt@flavors.me,Male,68.154.14.12
607,Martainn,Linford,mlinfordgu@wsj.com,Male,37.87.42.220
608,Otis,Extal,oextalgv@cocolog-nifty.com,Male,233.109.179.66
609,Lynn,Gallaccio,lgallacciogw@amazon.co.jp,Male,238.136.227.11
610,Adah,Eul,aeulgx@yellowpages.com,Female,211.0.96.146
611,Patrice,Spain,pspaingy@imdb.com,Female,163.46.162.207
612,Heather,Toffanelli,htoffanelligz@nih.gov,Genderfluid,169.104.252.15
613,Verna,Antrobus,vantrobush0@abc.net.au,Female,142.44.7.0
614,Angie,Sliney,aslineyh1@barnesandnoble.com,Male,12.7.22.125
615,Harvey,Hellin,hhellinh2@google.co.uk,Male,189.24.152.34
616,Belicia,Towson,btowsonh3@themeforest.net,Female,14.12.113.3
617,Erwin,Mousdall,emousdallh4@nymag.com,Male,109.189.250.36
618,Janenna,Fasham,jfashamh5@utexas.edu,Female,196.24.245.33
619,Cale,Featherstonhalgh,cfeatherstonhalghh6@google.cn,Male,109.6.74.3
620,Rivalee,Dowyer,rdowyerh7@privacy.gov.au,Genderqueer,63.159.83.244
621,Claiborne,McIlreavy,cmcilreavyh8@mapquest.com,Male,122.225.243.153
622,Dareen,Canas,dcanash9@jalbum.net,Female,192.48.196.214
623,Carol-jean,Gouldstraw,cgouldstrawha@jiathis.com,Female,221.166.228.205
624,Noll,Sotham,nsothamhb@hugedomains.com,Male,99.62.2.163
625,Cherin,Merriton,cmerritonhc@ifeng.com,Female,4.81.87.189
626,Immanuel,Colvill,icolvillhd@flavors.me,Male,36.54.12.180
627,Renaldo,Stirton,rstirtonhe@cbslocal.com,Male,228.88.23.30
628,Irena,Bartczak,ibartczakhf@dell.com,Female,128.117.8.26
629,Worthy,Theuff,wtheuffhg@wix.com,Male,225.238.189.238
630,Queenie,Cowhig,qcowhighh@who.int,Female,249.234.47.86
631,Claudette,Wildblood,cwildbloodhi@pen.io,Female,67.17.172.143
632,Liuka,Warnock,lwarnockhj@wix.com,Female,246.42.241.99
633,Kai,Sieghart,ksiegharthk@microsoft.com,Non-binary,172.173.105.96
634,Tiebold,Dagger,tdaggerhl@amazonaws.com,Male,235.210.94.254
635,Jobyna,Crighton,jcrightonhm@google.pl,Female,54.170.117.26
636,Renaud,Seath,rseathhn@oakley.com,Male,209.47.104.53
637,Rhys,Mathely,rmathelyho@geocities.jp,Male,185.91.36.133
638,Sigismondo,Matcham,smatchamhp@nba.com,Male,189.64.154.224
639,Hazel,Trumper,htrumperhq@cbslocal.com,Male,17.156.191.105
640,Denni,Vigietti,dvigiettihr@aol.com,Agender,229.30.95.176
641,Sanson,Yarnold,syarnoldhs@pcworld.com,Male,101.138.149.100
642,Giorgio,Piesing,gpiesinght@ftc.gov,Male,196.131.201.132
643,Laughton,Sivess,lsivesshu@bravesites.com,Male,10.5.3.17
644,Lorilyn,Shirlaw,lshirlawhv@vk.com,Female,212.94.208.3
645,Marion,Croan,mcroanhw@hhs.gov,Genderqueer,162.229.136.139
646,Winonah,Cruddas,wcruddashx@miibeian.gov.cn,Female,112.139.109.98
647,Philbert,Doody,pdoodyhy@issuu.com,Male,173.180.143.251
648,Moises,Limbrick,mlimbrickhz@mtv.com,Male,13.117.207.1
649,Hiram,McRavey,hmcraveyi0@zdnet.com,Male,127.16.187.249
650,Yvette,Rodbourne,yrodbournei1@w3.org,Female,0.72.194.234
651,Abigail,Attard,aattardi2@tuttocitta.it,Female,18.196.245.144
652,Giorgi,MacCahey,gmaccaheyi3@imgur.com,Male,135.44.223.241
653,Jerrilyn,Brittlebank,jbrittlebanki4@army.mil,Female,37.139.21.121
654,Erl,Tadman,etadmani5@businessweek.com,Polygender,63.19.231.78
655,Genvieve,Andrichak,gandrichaki6@e-recht24.de,Female,217.64.4.16
656,Harlen,Piletic,hpiletici7@seattletimes.com,Non-binary,82.119.26.214
657,Tedmund,Boumphrey,tboumphreyi8@github.com,Male,28.254.198.103
658,Aggi,Stripp,astrippi9@amazon.co.jp,Female,230.227.226.225
659,Heidi,Speechly,hspeechlyia@imgur.com,Female,238.236.38.166
660,Christophe,Blann,cblannib@webnode.com,Male,36.66.95.84
661,Lombard,Webben,lwebbenic@geocities.com,Male,190.43.70.122
662,Hobard,Rheaume,hrheaumeid@chronoengine.com,Male,127.109.58.128
663,Worthington,Titcombe,wtitcombeie@businesswire.com,Polygender,59.41.131.158
664,Rees,Rihosek,rrihosekif@si.edu,Male,199.129.109.242
665,Rollins,Pauls,rpaulsig@vk.com,Male,152.206.129.219
666,Ingra,Fisher,ifisherih@scribd.com,Male,97.59.145.125
667,Wyn,Lemary,wlemaryii@google.cn,Male,115.26.84.216
668,Gonzalo,Fellman,gfellmanij@nytimes.com,Male,43.83.214.20
669,Loretta,Corryer,lcorryerik@nps.gov,Female,64.112.59.205
670,Jeannie,Pattenden,jpattendenil@guardian.co.uk,Genderqueer,190.23.15.172
671,Tyne,Worthington,tworthingtonim@ask.com,Female,89.124.194.141
672,Erich,Peppett,epeppettin@acquirethisname.com,Male,178.39.132.216
673,Tedie,Mance,tmanceio@hostgator.com,Male,206.196.39.0
674,Sholom,Amerighi,samerighiip@theglobeandmail.com,Male,131.23.208.174
675,Gerti,Burton,gburtoniq@wufoo.com,Female,94.188.165.33
676,Edna,Dugald,edugaldir@oakley.com,Female,95.141.85.4
677,Eb,Cliff,ecliffis@etsy.com,Male,143.73.230.226
678,Alikee,Sandbach,asandbachit@mysql.com,Female,178.111.141.70
679,Ninnetta,Evison,nevisoniu@ifeng.com,Female,185.207.205.95
680,Simone,Coppens,scoppensiv@facebook.com,Male,133.252.232.139
681,Calli,Skain,cskainiw@bloglines.com,Genderqueer,69.139.212.61
682,Carlina,Bordiss,cbordissix@statcounter.com,Female,129.77.187.16
683,Loise,Sans,lsansiy@washington.edu,Female,50.28.55.49
684,Ewen,Lobley,elobleyiz@utexas.edu,Male,79.254.93.35
685,Waverly,Tomlinson,wtomlinsonj0@aboutads.info,Male,244.36.58.70
686,Sherwood,Hurley,shurleyj1@bloomberg.com,Male,13.245.128.121
687,Aurora,Bote,abotej2@domainmarket.com,Female,84.86.112.185
688,Adria,Bosomworth,abosomworthj3@mit.edu,Female,75.154.151.67
689,Kaiser,Yatman,kyatmanj4@vkontakte.ru,Male,70.232.25.214
690,Harrie,McKenzie,hmckenziej5@hatena.ne.jp,Female,129.93.79.45
691,Paulie,Laraway,plarawayj6@qq.com,Female,229.232.231.227
692,Nigel,Ivery,niveryj7@cnbc.com,Male,154.10.19.77
693,Jessalin,Schaumaker,jschaumakerj8@weather.com,Female,157.242.245.95
694,Dukie,Bashford,dbashfordj9@miitbeian.gov.cn,Male,61.246.229.107
695,Jorgan,Bushill,jbushillja@instagram.com,Male,222.7.188.82
696,Velvet,Gallico,vgallicojb@t.co,Female,37.76.41.74
697,Cati,Meininking,cmeininkingjc@businesswire.com,Female,17.215.137.158
698,Aubine,Huntress,ahuntressjd@behance.net,Female,22.203.62.237
699,Hamel,Alston,halstonje@fotki.com,Bigender,155.65.16.33
700,Elisabetta,Seneschal,eseneschaljf@ask.com,Female,33.46.93.243
701,Dolph,Offener,doffenerjg@ustream.tv,Male,145.134.110.41
702,Karlee,Yakobowitz,kyakobowitzjh@wiley.com,Female,123.124.206.175
703,Del,Jamson,djamsonji@cocolog-nifty.com,Female,139.240.224.169
704,Revkah,Thomassin,rthomassinjj@google.com.au,Female,174.205.183.37
705,Rafaela,Ruilton,rruiltonjk@yolasite.com,Non-binary,43.133.223.104
706,Kettie,Aubrey,kaubreyjl@desdev.cn,Agender,247.205.126.14
707,Hamlin,Elphinston,helphinstonjm@dailymail.co.uk,Male,196.16.158.84
708,Alister,Janowicz,ajanowiczjn@ebay.com,Male,42.54.22.95
709,Winnie,Sporgeon,wsporgeonjo@house.gov,Male,144.64.177.97
710,Edee,Lough,eloughjp@google.cn,Female,102.122.114.190
711,Claudine,Sygrove,csygrovejq@ted.com,Female,219.252.135.164
712,Giacopo,Alesbrook,galesbrookjr@marketwatch.com,Male,71.55.127.22
713,Tammi,Peinke,tpeinkejs@ebay.com,Female,178.132.108.126
714,Alvan,Darrigone,adarrigonejt@google.cn,Male,32.176.242.74
715,Bax,Volker,bvolkerju@theglobeandmail.com,Male,16.241.180.156
716,Beatrix,Ivashev,bivashevjv@lulu.com,Female,205.201.53.177
717,Inness,Fawssett,ifawssettjw@list-manage.com,Male,149.107.83.46
718,Stillman,Addionizio,saddioniziojx@cmu.edu,Male,152.9.129.243
719,Carleen,Sacaze,csacazejy@mit.edu,Female,205.164.240.176
720,Marys,Lawlan,mlawlanjz@wisc.edu,Female,139.149.191.168
721,Alison,Clevely,aclevelyk0@whitehouse.gov,Female,248.114.252.145
722,Nataline,Tunnadine,ntunnadinek1@twitpic.com,Female,81.130.239.239
723,Marven,Sacker,msackerk2@wikispaces.com,Male,61.110.9.33
724,Roxanne,Rulf,rrulfk3@people.com.cn,Female,73.180.152.249
725,Cristal,Tippell,ctippellk4@sohu.com,Bigender,112.175.255.229
726,Charmian,Tafani,ctafanik5@slideshare.net,Female,2.113.37.201
727,Deloris,Shemilt,dshemiltk6@jigsy.com,Genderqueer,60.45.180.8
728,Nil,MacCrachen,nmaccrachenk7@blogs.com,Male,16.246.236.2
729,Thayne,Mariotte,tmariottek8@bbb.org,Male,242.119.16.222
730,Cord,Pluvier,cpluvierk9@auda.org.au,Male,253.203.244.179
731,Gwendolen,Larrie,glarrieka@cdc.gov,Female,107.239.173.113
732,Dorothee,Bon,dbonkb@webeden.co.uk,Female,77.236.67.127
733,Goober,Carlesi,gcarlesikc@mysql.com,Male,189.178.220.169
734,Caryn,Parzis,cparziskd@drupal.org,Female,161.137.78.171
735,Kerwinn,Semonin,ksemoninke@cbslocal.com,Male,8.71.66.60
736,Tomas,Sant,tsantkf@issuu.com,Male,234.252.243.75
737,Linc,Labden,llabdenkg@loc.gov,Male,16.127.77.7
738,Salomon,Chittey,schitteykh@ed.gov,Male,30.139.140.60
739,Caritta,Bennike,cbennikeki@themeforest.net,Female,48.221.180.78
740,Sheffy,Lawrey,slawreykj@princeton.edu,Male,164.220.91.255
741,Sonja,Hazard,shazardkk@miitbeian.gov.cn,Female,179.61.182.20
742,Ina,Imlaw,iimlawkl@vimeo.com,Female,2.177.47.171
743,Sven,Breward,sbrewardkm@weibo.com,Male,46.135.195.46
744,Isahella,Landers,ilanderskn@netvibes.com,Female,29.219.149.154
745,Jon,Venney,jvenneyko@t-online.de,Male,102.43.32.117
746,Ludwig,Korneichik,lkorneichikkp@ustream.tv,Male,125.124.83.169
747,Tadeas,Coal,tcoalkq@nasa.gov,Male,238.46.180.122
748,Lind,Ledrane,lledranekr@independent.co.uk,Female,33.169.202.15
749,Esmaria,Orviss,eorvissks@mediafire.com,Female,221.247.5.180
750,Leila,Klaaasen,lklaaasenkt@webnode.com,Female,152.29.77.29
751,Gordie,Besse,gbesseku@abc.net.au,Male,95.215.149.227
752,Lydie,Cass,lcasskv@domainmarket.com,Female,241.94.209.188
753,Preston,Boule,pboulekw@fastcompany.com,Agender,245.247.184.172
754,Margette,Barkworth,mbarkworthkx@opera.com,Female,191.203.44.131
755,Giffy,Lait,glaitky@chronoengine.com,Male,49.186.56.159
756,Robinson,Tinham,rtinhamkz@sakura.ne.jp,Male,163.90.239.29
757,Baron,Chanders,bchandersl0@upenn.edu,Male,232.87.196.94
758,Francisco,Currer,fcurrerl1@yahoo.com,Male,156.187.222.48
759,Andy,Everex,aeverexl2@merriam-webster.com,Male,247.58.80.55
760,Teddy,Kinnaird,tkinnairdl3@google.com,Female,237.185.29.161
761,Kurt,Veldman,kveldmanl4@feedburner.com,Male,200.168.210.173
762,Odessa,Chelsom,ochelsoml5@friendfeed.com,Female,200.150.249.119
763,Shae,Hendrik,shendrikl6@utexas.edu,Male,221.109.58.31
764,Everett,Staresmeare,estaresmearel7@google.es,Male,151.244.67.95
765,Vincents,Crickmoor,vcrickmoorl8@imgur.com,Male,66.229.167.216
766,Penni,Thieme,pthiemel9@ihg.com,Female,146.19.239.52
767,Anthia,Baike,abaikela@hhs.gov,Female,129.72.20.207
768,Ivor,Brewse,ibrewselb@hud.gov,Male,250.74.168.177
769,Barr,McCathie,bmccathielc@oracle.com,Male,222.199.79.142
770,Kaylil,Horbart,khorbartld@soundcloud.com,Female,213.223.106.221
771,Jilly,Treen,jtreenle@cloudflare.com,Female,177.158.151.75
772,Jarib,Wallage,jwallagelf@eepurl.com,Male,90.191.35.250
773,Yelena,Prescott,yprescottlg@java.com,Female,122.86.144.66
774,Daphne,Stimson,dstimsonlh@yahoo.com,Female,250.143.165.117
775,Neall,Foulcher,nfoulcherli@jigsy.com,Male,53.85.145.253
776,Davidson,Gatiss,dgatisslj@yale.edu,Agender,215.151.67.65
777,Sidnee,Filkov,sfilkovlk@netscape.com,Male,162.58.67.189
778,Lainey,Soigoux,lsoigouxll@so-net.ne.jp,Female,178.109.146.49
779,Grata,Pichmann,gpichmannlm@weibo.com,Female,146.123.77.115
780,Denis,Haslock(e),dhaslockeln@sbwire.com,Male,4.122.150.203
781,Ludvig,Chopin,lchopinlo@state.tx.us,Male,44.228.107.129
782,Lonnie,Salerno,lsalernolp@de.vu,Female,27.122.71.15
783,Etheline,Latore,elatorelq@mit.edu,Female,58.71.163.124
784,Benyamin,Derges,bdergeslr@symantec.com,Male,82.180.51.8
785,Lexie,Riddel,lriddells@businessinsider.com,Female,145.57.145.63
786,Saul,de Mullett,sdemullettlt@ovh.net,Male,128.97.143.2
787,Bobbie,Poltone,bpoltonelu@bbb.org,Female,12.171.31.127
788,Federico,Torre,ftorrelv@yale.edu,Male,85.190.19.126
789,Sadye,Liveing,sliveinglw@hostgator.com,Female,120.145.123.136
790,Elmer,Murt,emurtlx@meetup.com,Male,159.40.134.253
791,Maye,Weinmann,mweinmannly@mlb.com,Female,8.207.76.107
792,Janina,Yurocjkin,jyurocjkinlz@scribd.com,Female,139.144.217.27
793,Anatollo,Bonnette,abonnettem0@samsung.com,Male,79.131.6.192
794,Nettie,Loughlan,nloughlanm1@earthlink.net,Female,38.127.73.94
795,Rich,Liddy,rliddym2@seattletimes.com,Male,115.99.55.171
796,Bail,McMillan,bmcmillanm3@cbc.ca,Male,184.76.240.36
797,Feliks,Georgeot,fgeorgeotm4@phpbb.com,Male,51.113.143.165
798,Harald,Keirl,hkeirlm5@china.com.cn,Non-binary,100.38.126.245
799,Erda,Venning,evenningm6@jugem.jp,Female,170.217.132.48
800,Sherlock,Strongman,sstrongmanm7@parallels.com,Male,75.93.185.129
801,Frayda,Doelle,fdoellem8@baidu.com,Female,165.115.140.173
802,Darsie,Gossington,dgossingtonm9@merriam-webster.com,Female,75.217.197.124
803,Trevor,Palser,tpalserma@prnewswire.com,Male,106.247.80.138
804,Franky,Gobat,fgobatmb@wisc.edu,Female,121.53.190.60
805,Marrilee,Deehan,mdeehanmc@baidu.com,Female,237.79.224.251
806,Adena,Babbage,ababbagemd@china.com.cn,Agender,95.28.190.222
807,Brocky,Stafford,bstaffordme@webnode.com,Male,19.42.177.255
808,Bessie,Mordecai,bmordecaimf@creativecommons.org,Female,212.126.190.85
809,Mischa,Gare,mgaremg@mtv.com,Male,156.57.169.173
810,Cherise,Mulliss,cmullissmh@webnode.com,Female,188.17.219.100
811,Vincenty,Morcombe,vmorcombemi@desdev.cn,Male,242.4.62.141
812,Shae,Garthside,sgarthsidemj@mapy.cz,Female,76.247.47.111
813,Lory,Corteney,lcorteneymk@topsy.com,Female,11.73.241.27
814,Tessie,Raddon,traddonml@nih.gov,Female,90.45.86.239
815,Chastity,Boc,cbocmm@sourceforge.net,Female,108.2.204.174
816,Adena,Aguirrezabal,aaguirrezabalmn@dagondesign.com,Female,207.26.166.120
817,Kristo,Hollier,kholliermo@pinterest.com,Male,188.63.69.232
818,Dana,Leisk,dleiskmp@paginegialle.it,Female,115.203.33.255
819,Read,Hellikes,rhellikesmq@umn.edu,Male,178.196.3.199
820,Guinevere,Housegoe,ghousegoemr@paypal.com,Female,239.166.213.235
821,Betsey,Crate,bcratems@last.fm,Female,193.147.6.172
822,Effie,Bartlam,ebartlammt@hhs.gov,Female,208.78.45.153
823,Chip,MacAlees,cmacaleesmu@ycombinator.com,Polygender,248.77.50.26
824,Natalya,Carrodus,ncarrodusmv@foxnews.com,Polygender,130.58.234.70
825,Dorothee,McGreay,dmcgreaymw@geocities.jp,Female,162.22.58.156
826,Corinne,Pershouse,cpershousemx@slashdot.org,Female,231.241.9.249
827,Joseph,McTurk,jmcturkmy@weather.com,Male,29.103.197.1
828,Duke,Lidstone,dlidstonemz@sbwire.com,Male,212.196.172.5
829,Edik,Stickells,estickellsn0@mac.com,Male,219.206.157.211
830,Berni,Considine,bconsidinen1@purevolume.com,Female,133.213.233.185
831,Avrom,Demchen,ademchenn2@craigslist.org,Male,21.12.124.95
832,Richard,Paunsford,rpaunsfordn3@mayoclinic.com,Male,44.35.161.3
833,Ferdy,Portigall,fportigalln4@pagesperso-orange.fr,Male,167.182.77.151
834,Clementia,Deares,cdearesn5@delicious.com,Female,150.152.200.255
835,Sallyann,Gedney,sgedneyn6@chicagotribune.com,Female,104.157.6.122
836,Petronille,Tibols,ptibolsn7@desdev.cn,Female,205.53.49.204
837,Briant,Cocks,bcocksn8@bbb.org,Male,97.59.44.220
838,Paten,Tuft,ptuftn9@europa.eu,Male,153.42.144.201
839,Cesar,Coop,ccoopna@wired.com,Male,250.103.175.130
840,Benetta,Richt,brichtnb@answers.com,Female,37.4.16.235
841,Kimberly,Dennant,kdennantnc@weather.com,Female,155.114.60.247
842,Gordy,Scherme,gschermend@blogtalkradio.com,Male,44.108.170.10
843,Massimiliano,Demaid,mdemaidne@123-reg.co.uk,Male,11.148.247.45
844,Arther,Bowle,abowlenf@state.gov,Bigender,77.145.95.148
845,Eryn,Caunter,ecaunterng@xinhuanet.com,Female,125.149.128.56
846,Kalie,De Gregorio,kdegregorionh@washingtonpost.com,Female,65.223.51.42
847,Abel,Dalley,adalleyni@oakley.com,Male,223.24.183.100
848,Barbey,Batterton,bbattertonnj@biblegateway.com,Female,127.29.190.230
849,Nedda,Shute,nshutenk@biglobe.ne.jp,Female,87.135.35.250
850,Kamilah,Shergold,kshergoldnl@gmpg.org,Bigender,14.215.36.10
851,Baillie,Sambles,bsamblesnm@sourceforge.net,Male,182.243.98.206
852,Gaby,Earlam,gearlamnn@bloglovin.com,Female,117.207.15.148
853,Madelyn,Cunnane,mcunnaneno@goodreads.com,Female,47.82.155.216
854,Holli,Beardmore,hbeardmorenp@friendfeed.com,Female,76.195.168.165
855,Innis,Lavin,ilavinnq@abc.net.au,Male,13.55.142.235
856,Parnell,Duggleby,pdugglebynr@ustream.tv,Non-binary,18.193.230.165
857,Sybil,Fawcett,sfawcettns@xrea.com,Female,182.43.198.132
858,Sada,Sudell,ssudellnt@cbsnews.com,Female,7.173.114.37
859,Janella,Reye,jreyenu@mtv.com,Female,13.162.117.95
860,Kanya,Symones,ksymonesnv@lycos.com,Female,128.22.91.188
861,Batsheva,O'Hagirtie,bohagirtienw@cyberchimps.com,Female,213.93.78.45
862,Evaleen,Powelee,epoweleenx@virginia.edu,Female,152.92.12.239
863,Rowe,Semens,rsemensny@ow.ly,Female,51.253.154.78
864,Marshall,McNeil,mmcneilnz@zdnet.com,Genderfluid,20.2.251.244
865,Gerhardine,Jagielski,gjagielskio0@imdb.com,Female,161.12.48.136
866,Bryon,Almack,balmacko1@xrea.com,Male,178.27.198.204
867,Odelinda,Syer,osyero2@is.gd,Female,73.147.42.98
868,Fitz,Grevel,fgrevelo3@goo.gl,Male,4.218.215.28
869,Jeremiah,Doughty,jdoughtyo4@forbes.com,Male,59.108.131.3
870,Cullin,Storrar,cstorraro5@tmall.com,Male,234.214.166.88
871,Granny,Fellenor,gfellenoro6@google.co.uk,Male,55.133.49.202
872,Ula,Durnall,udurnallo7@washingtonpost.com,Female,148.249.197.203
873,Sydel,Wollen,swolleno8@homestead.com,Female,152.74.26.156
874,Falito,Bucksey,fbuckseyo9@apple.com,Male,0.114.246.71
875,Madlen,Gaitone,mgaitoneoa@scientificamerican.com,Female,120.5.243.175
876,Victor,Hetterich,vhetterichob@intel.com,Male,131.238.65.18
877,Bertrando,Ferrandez,bferrandezoc@flickr.com,Male,90.103.199.26
878,Billy,McKeon,bmckeonod@cornell.edu,Male,99.207.50.216
879,Artemis,Robertazzi,arobertazzioe@wiley.com,Male,243.23.30.48
880,Else,Vallentine,evallentineof@furl.net,Female,167.95.24.174
881,Babs,Klimpke,bklimpkeog@wsj.com,Female,97.85.178.118
882,Roana,Baglan,rbaglanoh@yellowbook.com,Female,199.8.158.12
883,Velvet,Attreed,vattreedoi@com.com,Female,38.120.196.129
884,Hilly,Beidebeke,hbeidebekeoj@cmu.edu,Male,173.230.254.106
885,Sharron,Hanrott,shanrottok@hibu.com,Female,185.249.6.129
886,Di,Wastie,dwastieol@telegraph.co.uk,Genderqueer,170.55.209.24
887,Alford,Parffrey,aparffreyom@wordpress.com,Male,72.82.49.202
888,Diann,Gemelli,dgemellion@oaic.gov.au,Female,103.78.118.227
889,Franz,Ducker,fduckeroo@bloglines.com,Male,163.73.155.72
890,Hiram,Dober,hdoberop@a8.net,Male,93.100.81.40
891,Nobe,Waison,nwaisonoq@ihg.com,Genderqueer,132.207.205.184
892,Gennifer,Vogel,gvogelor@google.de,Female,69.18.41.243
893,Hoebart,Gentil,hgentilos@admin.ch,Male,219.146.214.42
894,Eduardo,Alliston,eallistonot@blogger.com,Male,189.59.230.247
895,Cord,Sallinger,csallingerou@yolasite.com,Male,176.65.84.138
896,Josie,Epelett,jepelettov@theguardian.com,Female,142.85.206.29
897,Michael,Paulson,mpaulsonow@printfriendly.com,Male,121.40.41.181
898,Emanuele,Markwick,emarkwickox@addthis.com,Male,121.94.76.99
899,Bobbie,Synke,bsynkeoy@redcross.org,Male,86.208.254.34
900,Jolie,Biernat,jbiernatoz@yellowpages.com,Female,186.187.191.181
901,Ker,Orchart,korchartp0@geocities.com,Male,41.122.75.128
902,Vincenz,Giddy,vgiddyp1@dmoz.org,Male,230.209.116.244
903,Silas,Chastaing,schastaingp2@bluehost.com,Non-binary,96.142.79.113
904,Donalt,Musprat,dmuspratp3@simplemachines.org,Male,109.140.191.29
905,Stevana,Red,sredp4@nps.gov,Female,1.108.185.129
906,Valaria,Whorlow,vwhorlowp5@creativecommons.org,Female,216.41.103.79
907,Aurthur,Braun,abraunp6@hc360.com,Male,16.181.49.144
908,Celeste,Callaby,ccallabyp7@shutterfly.com,Female,234.5.10.238
909,Webster,Caldwall,wcaldwallp8@ehow.com,Male,114.224.91.85
910,Wyatt,McKiernan,wmckiernanp9@wikimedia.org,Male,230.104.60.199
911,Glynda,Vasilevich,gvasilevichpa@wix.com,Genderqueer,108.85.178.134
912,Anya,Impey,aimpeypb@fc2.com,Female,150.153.201.91
913,Shawn,Dwelling,sdwellingpc@sciencedaily.com,Male,215.244.74.166
914,Patton,Moulton,pmoultonpd@cbc.ca,Male,182.50.167.191
915,Broderick,McEniry,bmcenirype@theatlantic.com,Male,167.34.70.63
916,Sutherland,Gillum,sgillumpf@nymag.com,Male,17.208.185.116
917,Elset,Vasyukhnov,evasyukhnovpg@shareasale.com,Agender,240.2.177.216
918,Sonnnie,Panther,spantherph@360.cn,Female,114.45.18.98
919,Borg,Culpen,bculpenpi@163.com,Male,67.84.159.204
920,Nola,Astell,nastellpj@arstechnica.com,Female,73.89.42.178
921,Alejoa,MacCaughey,amaccaugheypk@toplist.cz,Male,249.15.196.18
922,Rikki,Burston,rburstonpl@nytimes.com,Non-binary,67.177.70.179
923,Dudley,Bisiker,dbisikerpm@kickstarter.com,Male,56.175.9.97
924,Eartha,Grimstead,egrimsteadpn@stumbleupon.com,Female,183.190.246.178
925,Papagena,Piken,ppikenpo@simplemachines.org,Female,124.78.192.140
926,Sheba,Brummell,sbrummellpp@youtu.be,Female,194.143.33.227
927,Claus,Chedgey,cchedgeypq@freewebs.com,Genderfluid,60.180.30.135
928,Mariam,Hofner,mhofnerpr@who.int,Female,87.189.157.233
929,Tabbie,Meharg,tmehargps@apache.org,Male,250.245.224.151
930,Merrily,Drezzer,mdrezzerpt@fema.gov,Female,164.117.193.79
931,Dehlia,Urvoy,durvoypu@fda.gov,Female,68.60.115.92
932,Ashley,Steuart,asteuartpv@google.co.jp,Male,130.23.162.15
933,Dexter,Brunsen,dbrunsenpw@behance.net,Male,96.243.228.190
934,Nadia,Delafont,ndelafontpx@merriam-webster.com,Female,0.89.201.57
935,Hephzibah,Haldene,hhaldenepy@infoseek.co.jp,Female,254.78.79.123
936,Carling,Pittem,cpittempz@usgs.gov,Male,178.218.1.246
937,Leonanie,Garz,lgarzq0@cmu.edu,Female,23.47.97.183
938,Olenka,Carlaw,ocarlawq1@digg.com,Female,118.137.62.127
939,Cody,Boulstridge,cboulstridgeq2@soundcloud.com,Female,250.109.144.46
940,Christina,Fann,cfannq3@fema.gov,Genderqueer,203.145.159.226
941,Patsy,McDonogh,pmcdonoghq4@fc2.com,Female,85.124.218.245
942,Elke,Carletto,ecarlettoq5@google.it,Female,133.247.14.19
943,Natty,Yeulet,nyeuletq6@homestead.com,Female,82.72.31.122
944,Byrle,Raiston,braistonq7@tripadvisor.com,Male,88.249.71.1
945,Stephi,Scadden,sscaddenq8@army.mil,Female,103.23.186.4
946,Alvie,Baton,abatonq9@feedburner.com,Male,97.129.199.28
947,Emilia,Usherwood,eusherwoodqa@geocities.com,Female,208.65.158.253
948,Peirce,Raincin,praincinqb@photobucket.com,Male,20.44.163.83
949,Betteann,Pogson,bpogsonqc@unicef.org,Female,146.13.66.8
950,Temple,Boissieux,tboissieuxqd@blogger.com,Male,113.190.4.45
951,Banky,Wiltshire,bwiltshireqe@360.cn,Male,69.96.196.65
952,Codee,Tettersell,ctettersellqf@salon.com,Female,119.147.33.17
953,Eduard,Griffoen,egriffoenqg@paginegialle.it,Male,2.251.228.244
954,Royal,Braams,rbraamsqh@yahoo.com,Male,218.101.121.161
955,Devy,Gilbody,dgilbodyqi@mayoclinic.com,Male,237.62.83.136
956,Chere,Bertie,cbertieqj@hibu.com,Female,237.96.253.79
957,Odele,Dolton,odoltonqk@discovery.com,Female,247.27.248.214
958,Saw,Becconsall,sbecconsallql@odnoklassniki.ru,Male,163.145.222.162
959,Morgun,Kelsey,mkelseyqm@drupal.org,Male,157.241.1.2
960,Chaddy,Geal,cgealqn@livejournal.com,Male,118.108.143.175
961,Penn,Chaffyn,pchaffynqo@vkontakte.ru,Male,247.100.97.58
962,Sigrid,Wellan,swellanqp@ow.ly,Female,3.186.229.23
963,Culver,Arondel,carondelqq@dyndns.org,Male,221.111.111.221
964,Toddy,Bibb,tbibbqr@ocn.ne.jp,Male,209.47.4.60
965,Midge,Keates,mkeatesqs@gravatar.com,Female,27.132.55.16
966,Brigid,Beamish,bbeamishqt@patch.com,Female,75.255.112.250
967,Rivalee,Sutch,rsutchqu@flickr.com,Female,128.17.142.83
968,Darwin,Paffett,dpaffettqv@princeton.edu,Agender,221.7.132.84
969,Adrianna,Muriel,amurielqw@foxnews.com,Female,89.192.165.216
970,Gill,Ayree,gayreeqx@mit.edu,Female,173.189.151.128
971,Beatriz,Morsley,bmorsleyqy@census.gov,Bigender,202.210.68.209
972,Felicle,Sibbert,fsibbertqz@theglobeandmail.com,Genderqueer,250.106.43.206
973,Flora,Chazelle,fchazeller0@wix.com,Female,235.19.41.190
974,Dulcea,Whodcoat,dwhodcoatr1@dion.ne.jp,Female,36.241.193.58
975,Gallard,Vanshin,gvanshinr2@mail.ru,Male,61.200.95.140
976,Lyda,Magner,lmagnerr3@businessweek.com,Female,112.180.16.209
977,Celestine,Po,cpor4@tmall.com,Female,124.200.233.130
978,Alyse,Sicely,asicelyr5@newyorker.com,Female,119.86.187.174
979,Lebbie,Galia,lgaliar6@phoca.cz,Female,11.164.157.198
980,Heywood,Halbert,hhalbertr7@who.int,Male,1.97.78.160
981,Paolina,Filyukov,pfilyukovr8@wsj.com,Female,191.110.11.235
982,Nari,Fayre,nfayrer9@chron.com,Polygender,97.169.166.124
983,Pascale,Parlatt,pparlattra@toplist.cz,Male,248.181.255.113
984,Tremain,Christophers,tchristophersrb@opera.com,Male,181.29.174.24
985,Augy,Lartice,alarticerc@de.vu,Male,45.47.190.13
986,Kermie,Buse,kbuserd@oaic.gov.au,Male,147.211.237.65
987,Hanan,Linkin,hlinkinre@yolasite.com,Male,51.152.233.178
988,Leann,Rosser,lrosserrf@microsoft.com,Genderfluid,165.28.119.35
989,Dianna,Chaperlin,dchaperlinrg@sogou.com,Bigender,15.18.47.129
990,Regine,MacFayden,rmacfaydenrh@webeden.co.uk,Female,56.111.209.136
991,Sigfrid,Pieter,spieterri@youku.com,Male,154.70.33.29
992,Henrieta,Beardsall,hbeardsallrj@dailymail.co.uk,Female,113.207.62.120
993,Lemuel,Auchinleck,lauchinleckrk@bluehost.com,Male,58.37.24.171
994,Sharron,Grafton,sgraftonrl@nps.gov,Female,184.79.63.159
995,Lauri,Starford,lstarfordrm@booking.com,Non-binary,110.214.132.241
996,Norine,Atto,nattorn@wikia.com,Female,40.153.137.63
997,Abbie,Purver,apurverro@digg.com,Female,117.246.147.192
998,Reinwald,Stebbins,rstebbinsrp@bbc.co.uk,Male,172.140.245.209
999,Brendin,Elcott,belcottrq@imageshack.us,Male,55.60.91.41
1000,Natty,Foxton,nfoxtonrr@nymag.com,Male,90.164.95.30
